{"cameraMode":{"drawMode":0,"name":"Shaded","section":"Shading Mode"},"sceneLighting":false,"audioPlay":false,"sceneViewState":{"m_AlwaysRefresh":false,"showFog":true,"showSkybox":false,"showFlares":true,"showImageEffects":true,"showParticleSystems":true,"showVisualEffectGraphs":true,"m_FxEnabled":true},"in2DMode":false,"pivot":{"x":0.022833039984107019,"y":0.17601549625396729,"z":-0.18874329328536988},"rotation":{"x":0.4404973089694977,"y":-0.0657065287232399,"z":0.032137367874383929,"w":0.8946759700775147},"size":0.7084589600563049,"orthographic":false}