{"cameraMode":{"drawMode":0,"name":"Shaded","section":"Shading Mode"},"sceneLighting":false,"audioPlay":false,"sceneViewState":{"m_AlwaysRefresh":false,"showFog":true,"showSkybox":false,"showFlares":true,"showImageEffects":true,"showParticleSystems":true,"showVisualEffectGraphs":true,"m_FxEnabled":true},"in2DMode":false,"pivot":{"x":0.0005846768617630005,"y":-0.1912889927625656,"z":0.005192182958126068},"rotation":{"x":0.1313590705394745,"y":0.8469013571739197,"z":-0.24529069662094117,"w":0.45293989777565},"size":0.20651090145111085,"orthographic":false}