{"cameraMode":{"drawMode":0,"name":"Shaded","section":"Shading Mode"},"sceneLighting":false,"audioPlay":false,"sceneViewState":{"m_AlwaysRefresh":false,"showFog":true,"showSkybox":false,"showFlares":true,"showImageEffects":true,"showParticleSystems":true,"showVisualEffectGraphs":true,"m_FxEnabled":true},"in2DMode":false,"pivot":{"x":0.07069463282823563,"y":1.6616933345794678,"z":-1.7383869886398316},"rotation":{"x":0.34974169731140139,"y":-0.29699888825416567,"z":0.11774107813835144,"w":0.8805891275405884},"size":0.7084589600563049,"orthographic":false}