{"cameraMode":{"drawMode":0,"name":"Shaded","section":"Shading Mode"},"sceneLighting":false,"audioPlay":false,"sceneViewState":{"m_AlwaysRefresh":false,"showFog":true,"showSkybox":false,"showFlares":true,"showImageEffects":true,"showParticleSystems":true,"showVisualEffectGraphs":true,"m_FxEnabled":true},"in2DMode":false,"pivot":{"x":0.4842597544193268,"y":1.1610355377197266,"z":-1.2649976015090943},"rotation":{"x":0.37448951601982119,"y":-0.23371636867523194,"z":0.097919762134552,"w":0.8918381929397583},"size":0.7084589600563049,"orthographic":false}