{"cameraMode":{"drawMode":0,"name":"Shaded","section":"Shading Mode"},"sceneLighting":false,"audioPlay":false,"sceneViewState":{"m_AlwaysRefresh":false,"showFog":true,"showSkybox":false,"showFlares":true,"showImageEffects":true,"showParticleSystems":true,"showVisualEffectGraphs":true,"m_FxEnabled":true},"in2DMode":false,"pivot":{"x":-1.7200000286102296,"y":-0.006385184824466705,"z":3.950000047683716},"rotation":{"x":0.358839750289917,"y":0.22893990576267243,"z":-0.09185290336608887,"w":0.900075376033783},"size":0.7082586884498596,"orthographic":false}