{"cameraMode":{"drawMode":0,"name":"Shaded","section":"Shading Mode"},"sceneLighting":false,"audioPlay":false,"sceneViewState":{"m_AlwaysRefresh":false,"showFog":true,"showSkybox":true,"showFlares":true,"showImageEffects":true,"showParticleSystems":true,"showVisualEffectGraphs":true,"m_FxEnabled":true},"in2DMode":false,"pivot":{"x":-0.7809593081474304,"y":1.1100871562957764,"z":-3.8939292430877687},"rotation":{"x":-0.2868882715702057,"y":0.0037534909788519146,"z":-0.0011344477534294129,"w":-0.9578931927680969},"size":3.2017030715942385,"orthographic":false}