{"cameraMode":{"drawMode":0,"name":"Shaded","section":"Shading Mode"},"sceneLighting":false,"audioPlay":false,"sceneViewState":{"m_AlwaysRefresh":false,"showFog":true,"showSkybox":false,"showFlares":true,"showImageEffects":true,"showParticleSystems":true,"showVisualEffectGraphs":true,"m_FxEnabled":true},"in2DMode":false,"pivot":{"x":9.567353248596192,"y":0.5019999742507935,"z":1.3044432401657105},"rotation":{"x":0.23472407460212708,"y":-0.5337919592857361,"z":0.15735380351543427,"w":0.7969755530357361},"size":0.8660253882408142,"orthographic":false}