{"cameraMode":{"drawMode":0,"name":"Shaded","section":"Shading Mode"},"sceneLighting":false,"audioPlay":false,"sceneViewState":{"m_AlwaysRefresh":false,"showFog":true,"showSkybox":false,"showFlares":true,"showImageEffects":true,"showParticleSystems":true,"showVisualEffectGraphs":true,"m_FxEnabled":true},"in2DMode":false,"pivot":{"x":-0.7344805002212524,"y":1.9556154012680054,"z":-1.6884034872055054},"rotation":{"x":0.32496583461761477,"y":-0.1018872782588005,"z":0.035210464149713519,"w":0.939535915851593},"size":0.7082590460777283,"orthographic":false}