{"cameraMode":{"drawMode":0,"name":"Shaded","section":"Shading Mode"},"sceneLighting":false,"audioPlay":false,"sceneViewState":{"m_AlwaysRefresh":false,"showFog":true,"showSkybox":false,"showFlares":true,"showImageEffects":true,"showParticleSystems":true,"showVisualEffectGraphs":true,"m_FxEnabled":true},"in2DMode":false,"pivot":{"x":0.833101749420166,"y":0.47067099809646609,"z":-0.5222344994544983},"rotation":{"x":0.19800664484500886,"y":0.1697908490896225,"z":-0.03513505309820175,"w":0.9646533131599426},"size":0.13943713903427125,"orthographic":false}