{"cameraMode":{"drawMode":0,"name":"Shaded","section":"Shading Mode"},"sceneLighting":false,"audioPlay":false,"sceneViewState":{"m_AlwaysRefresh":false,"showFog":true,"showSkybox":false,"showFlares":true,"showImageEffects":true,"showParticleSystems":true,"showVisualEffectGraphs":true,"m_FxEnabled":true},"in2DMode":false,"pivot":{"x":-1.1438593864440919,"y":0.6043640971183777,"z":0.43025875091552737},"rotation":{"x":0.18651077151298524,"y":0.68216472864151,"z":-0.18658043444156648,"w":0.6818327307701111},"size":0.23712752759456635,"orthographic":false}